id,expected
0,0.4984607158499277
1,0.394677375130678
2,0.548420464954851
3,0.7268992609590926
4,0.7605081388438267
5,0.3840296008440589
6,0.3215765623202308
7,0.282532584641495
8,0.6866466721424855
9,0.4645863601454181
10,0.6549452447216545
11,0.40478958969738077
12,0.37210639375656807
13,0.46106282424382394
14,0.47651614936667985
15,0.8013351407138061
16,0.5076665894406724
17,0.521368897057583
18,0.32722594998001275
19,0.5334547500982935
